"Country_Name","Country.Code","gdp_2006","gdp_2007","gdp_2016","gdp_2017","life_exp_2006","life_exp_2007","life_exp_2016","life_exp_2017","pop_2006","pop_2007","pop_2016","pop_2017","popw_2006","popw_2007","popw_2016","popw_2017","urban_2006","urban_2007","urban_2016","urban_2017","educ_spend2006","educ_spend2007","educ_spend2016","educ_spend2017","net_use_2006","net_use_2007","net_use_2016","net_use_2017"
"Afghanistan","AFG",365.284495,405.5489791,571.0737745,571.5425058,58.826,59.375,63.763,64.13,26433049,27100536,35383128,36296400,13152672,13442714,18826642,19514114,22.907,23.113,25.02,25.25,NA,NA,4.22836,4.05887,2.107123645,1.9,11.2,13.5
"Albania","ALB",3263.911134,3485.332469,4683.74389,4867.916405,75.423,75.646,78.194,78.333,2992547,2970017,2876101,2873457,1960789,1959058,1974734,1972416,47.815,48.902,58.421,59.383,3.19146,3.27593,3.95464,NA,9.609991316,15.03611541,66.3634447,71.8470405
"Algeria","DZA",4299.756559,4376.358533,4834.230203,4812.158456,73.521,73.936,76.298,76.499,33641002,34166972,40551404,41389198,22354239,22845300,26300654,26564914,64.593,65.348,71.459,72.052,NA,NA,NA,NA,7.375984956,9.451190626,42.94552688,47.69105515
"American Samoa","ASM",10202.95531,10535.55194,9589.979837,9093.803611,NA,NA,NA,NA,59107,58365,55741,55620,NA,NA,NA,NA,88,87.9,87.198,87.17,NA,NA,NA,NA,NA,NA,NA,NA
"Andorra","AND",49707.17302,48710.0755,42949.66624,43858.07751,NA,NA,NA,NA,80993,82684,77297,77001,NA,NA,NA,NA,89.807,89.308,88.248,88.15,2.18989,2.07097,3.2567,3.19556,48.936847,70.87,97.93063712,91.56746703
"Angola","AGO",3102.650928,3409.503462,3530.309423,3409.929285,51.143,52.177,59.925,60.379,20149901,20905363,28842484,29816748,10185666,10565380,14618994,15149230,56.764,57.524,64.149,64.839,2.28146,NA,NA,NA,1.5,1.7,13,14.33907936
"Antigua and Barbuda","ATG",15641.3869,16820.81277,14190.60576,14483.20824,75.204,75.376,76.617,76.752,82704,84026,94527,95426,55275,56453,65443,66028,28.606,28.002,24.846,24.713,NA,NA,NA,NA,30,34,73,76
"Arab World","ARB",5620.174277,5737.632893,6507.882895,6447.294731,69.43945919,69.70155465,71.43649684,71.62252633,322452754,330290716,404024433,411898965,195183685,201442603,253159511,258053167,54.86573818,55.14907572,58.34527528,58.64148349,NA,NA,NA,NA,11.6967073,14.22754325,41.48747671,49.26012797
"Argentina","ARG",9174.502458,9901.511881,10239.48135,10404.26351,74.62,74.787,76.221,76.372,39289878,39684295,43590368,44044811,24749594,25080390,27924237,28225466,90.2,90.366,91.627,91.749,4.12821,4.4626,5.57218,5.50825,20.9272021,25.94663294,70.96898082,74.29490687
"Armenia","ARM",2934.024882,3366.664939,3917.379676,4198.794749,72.716,72.815,74.64,74.797,2958307,2932618,2936146,2944809,1987012,1990073,2018925,2015691,63.839,63.739,63.082,63.103,2.71577,3.01894,2.75812,2.70545,5.631787777,6.021253397,64.34602977,64.74488433
"Aruba","ABW",27046.22396,27427.57826,24277.40679,24485.08328,74.429,74.576,75.868,76.01,100834,101222,104872,105366,70440,70542,72506,72646,44.511,44.147,43.192,43.293,NA,4.81504,6.1899,NA,28,30.9,93.54245387,97.17
"Australia","AUS",49443.19659,51024.20683,55875.09642,56228.80652,81.04146341,81.29268293,82.44878049,82.49756098,20697900,20827600,24190907,24601860,13967584,14083094,15943398,16121831,84.7,84.822,85.8,85.904,4.75359,4.66711,5.28031,NA,66,69.45,86.54,86.54504885
"Austria","AUT",45951.73469,47510.29379,48300.9486,49190.17341,79.8804878,80.1804878,81.64146341,81.64146341,8268641,8295487,8736668,8797566,5601862,5614453,5846595,5877874,58.532,58.249,57.905,58.094,5.22652,5.1469,5.5007,NA,63.6,69.37,84.32374257,87.93558659
"Azerbaijan","AZE",3921.027553,4863.98288,5812.584374,5739.594555,69.259,69.752,72.493,72.693,8484550,8581300,9757812,9854033,5772684,5918363,6930695,6969033,52.589,52.79,55.021,55.343,2.55552,2.54928,2.90341,2.48097,11.99217733,14.54,78.2,79
"Bahamas, The","BHS",31632.45349,31485.49374,27369.55643,27484.37919,71.988,71.998,73.329,73.554,331033,337389,377931,381761,219516,224097,263690,267482,82.26,82.302,82.832,82.925,NA,NA,NA,NA,26,27,80,85
"Bahrain","BHR",21795.92417,21837.4843,22336.75682,22126.66533,75.478,75.625,76.899,77.032,958418,1035919,1425791,1494074,705693,776275,1101674,1162183,88.452,88.488,89.09,89.186,2.87436,2.575,NA,2.32721,28.24395243,32.91,97.9999807,95.87813575
"Bangladesh","BGD",649.9298851,687.3230856,1062.040158,1127.271768,68.213,68.648,71.785,72.052,140921167,142660376,157970840,159670593,86914922,88509487,104436612,106382029,27.517,28.237,35.083,35.858,2.13129,2.20222,1.53554,2.47255,1,1.8,18.02,15
"Barbados","BRB",16641.2717,16860.55694,16472.31426,16611.63717,78.009,78.097,78.888,78.981,277477,278700,285796,286233,186057,187082,191501,191630,32.646,32.451,31.193,31.159,NA,5.27164,5.09272,4.65652,55.3,58.2,79.54939789,81.76077839
"Belarus","BLR",4724.924546,5154.867164,6372.401795,6536.012102,69.40487805,70.20731707,73.82682927,74.12926829,9604924,9560953,9501534,9498264,6722301,6727786,6562720,6526921,72.816,73.273,77.661,78.134,6.07696,5.1521,4.94655,4.82003,16.2,19.7,71.11304576,74.43644541
"Belgium","BEL",43782.13593,44960.79527,45598.7351,46211.23289,79.3804878,79.78292683,81.43902439,81.43902439,10547958,10625700,11331422,11375158,6918110,6977859,7321395,7323263,97.454,97.505,97.919,97.961,NA,NA,6.54428,NA,59.72,64.44,86.51647666,87.67968082
"Belize","BLZ",4413.654862,4347.601597,4287.30848,4263.645017,70.286,70.636,74.219,74.365,291329,299025,368400,375769,169472,175604,235650,242298,45.296,45.279,45.495,45.601,NA,NA,7.12481,7.37876,24,24.6,44.57574032,47.0826258
"Benin","BEN",730.2751667,752.2150367,837.2168257,862.0560569,57.817,58.255,60.885,61.174,8216897,8454793,10872067,11175204,4310139,4441131,5859860,6044385,41.049,41.558,46.229,46.768,3.50328,3.22981,3.99469,NA,1.537854346,1.79,11.99404791,20
"Bermuda","BMU",91944.87381,94029.60803,NA,NA,78.88780488,78.93414634,81.22707317,81.44195122,64523,64888,64555,63874,NA,NA,NA,NA,100,100,100,100,NA,NA,NA,1.50039,69.89965516,74.35059403,98,98.37
"Bhutan","BTN",1638.022932,1909.961222,3035.658708,3138.442342,66.031,66.709,70.781,71.129,657410,664876,736709,745568,401996,410784,496651,505910,31.712,32.469,39.428,40.167,NA,NA,6.80249,7.02813,4.518317258,5.92,41.77264453,48.10641588
"Bolivia","BOL",1750.803048,1799.498546,2425.56159,2490.956314,65.853,66.395,70.626,70.945,9395446,9558439,11031813,11192854,5476371,5595862,6742195,6874595,64.628,65.082,68.738,69.08,6.31361,NA,NA,NA,6.200671255,10.49924432,39.6975146,43.83227607
"Bosnia and Herzegovina","BIH",4177.656325,4425.382897,5591.027962,5827.690225,75.342,75.498,76.998,77.128,3765424,3762786,3386267,3351527,2603646,2613956,2370400,2327787,44.282,44.601,47.518,47.876,NA,NA,NA,NA,25.12238569,27.92,60.25653543,64.89197728
"Botswana","BWA",6038.79181,6400.717568,7797.146805,7859.439477,53.435,54.983,68.178,68.812,1835908,1875459,2159944,2205128,1112865,1142618,1324661,1355588,56.4,57.928,67.933,68.7,NA,8.85149,NA,NA,4.289932975,5.28,39.36299738,47
"Brazil","BRA",9805.724506,10293.53034,10962.62549,10990.18668,72.26,72.618,75.23,75.456,188167356,190130443,206163058,207833831,126082502,128068764,143590074,144882359,83.143,83.448,86.042,86.309,4.8706,4.97426,NA,NA,28.17838018,30.88,60.87254007,67.47128452
"British Virgin Islands","VGB",NA,NA,NA,NA,NA,NA,NA,NA,24023,25047,29355,29577,NA,NA,NA,NA,43.517,43.831,46.957,47.337,4.17223,3.67275,NA,3.23202,NA,NA,77.70142968,77.70426829
"Brunei Darussalam","BRN",37399.74001,36987.84159,31685.22545,31752.78746,74.189,74.351,75.45,75.585,370263,374965,419800,424473,257035,261432,301483,305350,73.529,73.892,76.99,77.312,NA,NA,4.42541,NA,42.18634916,44.68,90,94.86669164
"Bulgaria","BGR",5988.770951,6476.054203,7966.882009,8331.152273,72.61219512,72.66341463,74.81219512,74.81219512,7601022,7545338,7127822,7075947,5245247,5204270,4651208,4585049,70.932,71.278,74.329,74.669,3.93202,3.68211,NA,NA,27.09,33.64,59.82554766,63.41010138
"Burkina Faso","BFA",527.9623877,541.268695,664.0236306,685.7574861,54.063,54.841,60.354,60.768,13829176,14252021,18646378,19193284,7043932,7264935,9733899,10059169,22.339,22.996,28.134,28.743,4.47876,4.58858,NA,NA,0.632707564,0.75,13.96,16
"Burundi","BDI",225.6222104,225.8590853,219.9614978,214.1392462,54.163,54.944,60.528,60.898,7607849,7862214,10487998,10827024,3896912,4063676,5485534,5657959,9.617,9.864,12.388,12.706,NA,NA,4.69272,4.76183,0.65759259,0.7,5.173626777,2.660748535
"Cabo Verde","CPV",2882.889946,3279.078357,3532.140211,3630.483792,70.565,70.676,72.347,72.57,469170,475060,531146,537497,271168,280274,350179,356276,58.529,59.363,64.784,65.261,6.5296,5.40755,5.28879,5.17322,6.808911008,8.28321982,50.32281787,57.16214635
"Cambodia","KHM",668.8764894,726.2869826,1079.630539,1137.821397,63.927,64.697,68.977,69.289,13477709,13679962,15766293,16009414,8126989,8350593,10146089,10296732,19.293,19.413,22.582,22.98,NA,1.5993,NA,NA,0.46835672,0.49,32.39845171,32.44694856
"Cameroon","CMR",1250.244179,1276.059915,1467.760752,1480.287885,53.215,53.681,58.063,58.511,18223674,18730282,23926539,24566045,9639438,9931185,12969357,13364242,49.143,49.746,55.179,55.777,2.74145,3.07523,2.65423,3.06699,2.028744791,2.93,23.20297197,23.20297197
"Canada","CAN",48014.9312,48536.53941,50263.83433,51150.75462,80.34390244,80.54390244,82.1422439,82.24897561,32571174,32889025,36109487,36540268,22581706,22834087,24426969,24587022,80.213,80.396,81.3,81.35,NA,4.78036,NA,NA,72.4,73.2,91.16,91
"Cayman Islands","CYM",NA,NA,NA,NA,NA,NA,NA,NA,50740,52280,62569,63382,NA,NA,NA,NA,100,100,100,100,2.60739,NA,NA,NA,44.5,52,79,81.06769325
"Central African Republic","CAF",428.5388556,439.7474438,363.0493644,374.4176187,45.158,45.636,51.593,52.24,4118069,4198010,4537687,4596028,2184196,2220970,2369235,2413934,38.193,38.339,40.618,40.98,1.41506,1.31332,NA,NA,0.311159173,0.375815961,4,4.339254945
"Chad","TCD",809.2498849,807.8438943,868.2116954,816.7373633,48.907,49.335,53.438,53.712,10457124,10818024,14561666,15016773,5033485,5212664,7267363,7528315,21.834,21.868,22.677,22.858,NA,NA,NA,NA,0.581045764,0.847224521,5,6.49999812
"Channel Islands","CHI",NA,NA,NA,NA,80.553,80.802,82.6,82.766,153008,154636,166923,168665,105047,106149,113235,114144,30.805,30.867,30.93,30.914,NA,NA,NA,NA,NA,NA,NA,NA
"Chile","CHL",11808.83477,12256.42969,14771.25765,14748.51058,77.865,78.099,79.779,79.909,16354504,16530195,18209068,18470439,11003316,11183365,12531890,12704690,86.842,86.9,87.422,87.49,3.02153,3.21379,5.35064,5.41582,34.49775117,35.9,83.55858602,82.32748693
"China","CHN",3062.534905,3480.152725,6883.895425,7308.065366,73.271,73.553,76.21,76.47,1311020000,1317885000,1378665000,1386395000,952765169,961863202,995434082,994288090,43.868,45.199,56.736,57.96,NA,NA,NA,NA,10.52315262,16,53.2,54.3
"Colombia","COL",5684.022856,5998.788143,7626.002946,7613.726577,74.5,74.732,76.732,76.925,43200897,43737516,48171392,48901066,27752637,28304275,32765192,33372043,76.423,76.816,80.108,80.446,3.92714,4.09244,4.47672,4.49839,15.34167454,21.8,58.13649357,62.25988032
"Comoros","COM",1289.471094,1269.005529,1350.161396,1355.539396,60.407,60.734,63.7,63.912,626425,641620,795592,813892,344479,354485,454276,466072,27.863,27.867,28.619,28.784,NA,NA,NA,NA,2.2,2.5,7.938322771,8.478170295
"Congo, Dem. Rep.","COD",306.5282607,315.2638635,407.2896431,408.9247934,54.401,55.091,59.655,60.026,56578037,58453683,78789127,81398764,28914744,29816579,39893703,41266543,37.971,38.47,43.307,43.88,NA,NA,2.11869,1.46951,0.29605361,0.37,6.20997406,8.619904916
"Congo, Rep.","COG",2640.318294,2510.735183,2851.975419,2693.4285,56.573,57.541,63.556,63.954,3745141,3876119,4980999,5110702,2082418,2157361,2755424,2831975,61.441,61.893,66.001,66.459,NA,NA,NA,NA,2.007990079,2.759704374,8.121949323,8.65
"Costa Rica","CRI",7289.904345,7779.325378,9509.73874,9732.269947,78.239,78.362,79.738,79.914,4345412,4404628,4899345,4949954,2900756,2961496,3389559,3423988,66.935,68.174,77.735,78.56,4.63918,4.6589,7.09768,7.4026,25.1,28.4,65.88044919,71.3907709
"Cote d'Ivoire","CIV",1207.086746,1201.716606,1539.315735,1616.169292,50.561,51.091,56.567,57.017,18754916,19171237,23822714,24437469,9938653,10171610,13054491,13438825,45.652,46.071,49.881,50.326,4.0015,4.25833,5.39423,5.14353,1.524900791,1.8,41.20781493,43.83992085
"Croatia","HRV",14151.23036,14902.18836,14718.93319,15331.90248,75.83682927,75.70560976,78.02195122,77.82682927,4311159,4310217,4174349,4124531,2894527,2894882,2753101,2703200,54.483,54.651,56.403,56.667,NA,3.96922,NA,NA,37.98,41.44,72.69726967,67.09619204
"Cuba","CUB",4924.129609,5286.480195,6550.274373,6664.658302,77.864,78.019,78.607,78.662,11261248,11251122,11335109,11339259,7886772,7877650,7825542,7803181,76.227,76.32,76.93,76.977,9.05717,11.86821,NA,NA,11.15960131,11.69,42.97867519,57.14840432
"Curacao","CUW",NA,NA,NA,NA,74.7097561,75.36341463,77.7195122,78.01707317,141239,144056,159664,160175,93738,95680,103230,103323,90.411,90.287,89.272,89.203,NA,NA,NA,NA,NA,NA,61.85551074,68.12721625
"Cyprus","CYP",31470.92463,32378.57011,29081.8161,30100.15559,78.764,78.91,80.513,80.672,1045507,1063713,1170187,1179680,727064,743240,819171,822803,68.125,67.982,66.881,66.836,6.33027,6.28083,NA,NA,35.83,40.77,75.9002054,80.74318897
"Czech Republic","CZE",19193.75482,20151.17812,21863.64166,22754.7526,76.52439024,76.72439024,79.02682927,79.47560976,10238905,10298828,10566332,10594438,7286247,7321482,7002546,6951850,73.533,73.463,73.57,73.675,4.2171,3.86663,5.58738,NA,47.93,51.93,76.4811987,78.71916143
"Denmark","DNK",60892.77158,61174.54163,61370.77562,62356.74311,78.09512195,78.19512195,80.85365854,81.00487805,5437272,5461438,5728010,5764980,3587339,3595618,3664797,3680871,86.098,86.293,87.642,87.757,7.72991,7.6156,NA,NA,86.65,85.03,96.96778525,97.09936216
"Djibouti","DJI",NA,NA,NA,NA,58.34,58.719,65.064,65.893,794563,805451,929112,944097,475652,490369,606517,618964,76.807,76.853,77.528,77.648,8.27878,8.40625,NA,NA,1.270041159,1.62,13.13491511,55.68140925
"Dominica","DMA",6160.490127,6544.786678,7086.78213,6397.83469,NA,NA,NA,NA,70718,70795,71307,71458,NA,NA,NA,NA,66.903,67.203,69.88,70.181,NA,NA,NA,NA,39.3981743,40.27446301,67.03,69.61966879
"Dominican Republic","DOM",4829.713743,5121.123895,7084.626853,7325.808482,71.041,71.304,73.471,73.689,9218686,9338861,10397743,10513131,5716033,5825944,6735370,6819805,68.71,70.02,79.436,80.277,NA,2.04679,NA,NA,14.84492837,17.66,63.87086474,67.57123468
"Ecuador","ECU",4372.091782,4393.724105,5176.058803,5205.76302,74.319,74.514,76.365,76.584,14059384,14296557,16491115,16785361,8688385,8876916,10641596,10857990,61.907,62.104,63.534,63.67,NA,NA,NA,NA,7.2,10.8,54.06292473,57.27224368
"Egypt, Arab Rep.","EGY",2254.510459,2372.38301,2761.386198,2817.320226,69.608,69.788,71.482,71.656,76873663,78232126,94447072,96442593,47445201,48580886,57809111,58865212,43.073,43.078,42.732,42.705,4.00178,3.68461,NA,NA,13.66,16.03,41.24806709,44.95020425
"El Salvador","SLV",2905.126477,2946.378573,3381.232052,3441.951675,70.333,70.542,72.644,72.872,6079399,6105810,6356143,6388122,3610781,3653950,4082038,4117123,62.187,62.774,70.501,71.275,3.49298,3.60985,3.86991,3.75133,5.5,6.11,28.99707305,33.8207289
"Equatorial Guinea","GNQ",16575.08227,18243.23875,12346.25956,11331.1528,54.638,54.842,57.713,58.061,784496,821687,1215179,1262001,450914,475005,729635,760118,59.431,61.1,71.138,71.646,NA,NA,NA,NA,1.279193596,1.557123059,23.77999997,26.23999996
"Eritrea","ERI",746.8417515,737.6964689,NA,NA,59.487,60.243,65.111,65.538,2918205,2996536,NA,NA,1677007,1717648,NA,NA,32.051,33.017,NA,NA,2.127,NA,NA,NA,NA,0.41,1.17711872,1.30890698
"Estonia","EST",16285.00672,17627.02972,18387.76907,19257.47617,72.69146341,72.81463415,77.64146341,77.64146341,1346810,1340680,1315790,1317384,915809,910562,852779,849251,68.607,68.479,68.563,68.717,NA,4.66396,5.17316,NA,63.51,66.19,87.24023275,88.10245687
"Eswatini","SWZ",3859.651983,4005.481403,4795.793891,4838.844104,42.733,43.308,56.962,58.319,1036092,1042652,1113984,1124753,575797,581257,639047,648394,21.91,21.829,23.459,23.625,6.55476,NA,NA,NA,3.696538789,4.1,28.57352278,47
"Ethiopia","ETH",252.2122882,273.4921198,514.0573068,548.1174956,57.334,58.467,65.482,65.872,78489206,80674348,103603501,106400024,39672219,40942615,56781182,58798112,15.899,16.116,19.866,20.31,5.49096,5.45113,NA,NA,0.310592657,0.37,15.36692386,18.61805145
"Faroe Islands","FRO",NA,NA,NA,NA,79.6902439,79.8902439,82.19756098,82.4,47792,47825,48173,48331,NA,NA,NA,NA,40.147,40.341,41.777,41.914,NA,NA,NA,NA,69.35944512,75.98,95.10868167,97.58195894
"Fiji","FJI",3729.934323,3661.40876,4455.187559,4658.932581,66.362,66.413,67.175,67.252,827870,836190,872399,877459,541439,548001,568080,570845,50.264,50.657,55.235,55.742,5.60714,5.84843,NA,NA,9.6000384,10.89783105,46.50697831,49.96637301
"Finland","FIN",47011.6576,49239.19396,46438.82274,47739.94383,79.21463415,79.26341463,81.42926829,81.42926829,5266268,5288720,5495303,5508214,3507533,3523576,3455182,3440986,83.037,83.168,85.275,85.325,5.9381,5.68609,6.89735,NA,79.66,80.78,87.70364996,87.46892907
"France","FRA",40850.35554,41582.79972,42054.53126,43001.59129,80.81219512,81.11219512,82.52439024,82.52439024,63621381,64016225,66859768,66865144,41357728,41605999,41767527,41604279,77.377,77.621,79.917,80.18,5.45718,5.45728,5.43259,NA,46.87,66.09,79.26981132,80.50245972
"French Polynesia","PYF",NA,NA,NA,NA,74.466,74.793,77.024,77.251,261010,262721,274575,276103,175592,177503,190332,191073,58.002,58.585,61.734,61.784,NA,NA,NA,NA,25.10796425,28.59,68.44041949,72.70389531
"Gabon","GAB",9134.559689,9404.4083,9419.856712,9203.993561,58.641,59.229,65.418,65.839,1430152,1472575,2007873,2064823,808607,840871,1200819,1230495,83.107,83.742,88.559,88.976,NA,NA,NA,NA,5.489200803,5.767004576,48.05227375,62
"Gambia, The","GMB",481.3363054,484.0903839,493.8754303,501.2810151,58.313,58.671,61.166,61.44,1591445,1639848,2149139,2213894,815073,843260,1137057,1173526,52.751,53.481,59.918,60.599,1.20949,1.30849,2.05946,NA,5.237691158,6.205037419,18.5,19.83645444
"Georgia","GEO",2541.056422,2875.65642,4074.925708,4271.282289,70.635,70.765,73.207,73.414,3880347,3860158,3727505,3728004,2589823,2588599,2469523,2452928,53.992,54.379,57.837,58.231,3.00364,2.69687,3.78477,3.84973,7.526876845,8.26,58.45928961,59.7055046
"Germany","DEU",40456.85738,41831.86709,46167.83078,46987.78798,79.13170732,79.53414634,80.9902439,80.9902439,82376451,82266372,82348669,82657002,54784420,54552203,53852728,53874035,76.179,76.378,77.224,77.261,4.2793,4.34303,4.80093,NA,72.16,75.16,84.16520664,84.39550077
"Ghana","GHA",1115.849718,1134.697635,1643.448745,1738.251931,59.234,59.741,63.124,63.463,22379055,22963946,28481946,29121471,12676254,13080121,16789140,17219574,47.988,48.669,54.749,55.407,5.25983,5.51987,4.48683,3.61798,2.723175973,3.85,34.66600065,39
"Gibraltar","GIB",NA,NA,NA,NA,NA,NA,NA,NA,33417,33517,33737,33728,NA,NA,NA,NA,100,100,100,100,NA,NA,NA,NA,45.29864751,51.61,94.44447158,NA
"Greece","GRC",29176.39287,30054.88939,22666.28624,23052.98624,79.43902439,79.43902439,81.38780488,81.38780488,11020362,11048473,10775971,10754679,7383789,7368441,6952093,6925566,74.827,75.199,78.387,78.724,NA,NA,NA,NA,32.25,35.88,69.08791547,70.54943345
"Greenland","GRL",39539.91571,40626.78143,47974.07317,48460.75141,69.51926829,69.98268293,NA,NA,56774,56555,56186,56171,NA,NA,NA,NA,83.172,83.482,86.326,86.574,NA,NA,NA,NA,59.36168727,61.07,68.50087368,69.48246178
"Grenada","GRD",7382.162614,7815.065205,8449.307769,8827.698604,73.125,73.096,72.408,72.388,104933,105190,110261,110874,66916,67758,74055,74321,35.889,35.883,36.072,36.164,NA,NA,10.24036,3.17043,21.39599117,22.29,55.85640782,59.07173536
"Guam","GUM",29375.27625,29578.38562,32046.04485,31847.64968,76.966,77.227,79.391,79.631,158648,158847,162951,164281,101909,102426,106919,107857,93.727,93.822,94.617,94.699,NA,NA,NA,NA,43.851443,46.15047362,77.00999989,80.50546556
"Guatemala","GTM",2717.758926,2825.127634,3100.868441,3123.94357,70.082,70.409,73.541,73.81,13397021,13700327,16583060,16914936,7235704,7472751,9908023,10191721,47.21,47.508,50.319,50.68,2.98401,3.03874,2.83281,2.79538,6.5,7.3,34.50932609,65
"Guinea-Bissau","GNB",534.8222723,538.9854818,594.9783587,614.4394299,52.691,53.136,57.328,57.673,1377581,1411543,1782437,1828146,735014,755911,974703,1000771,38.545,38.934,42.533,42.945,NA,NA,NA,NA,2.057196705,2.206302237,3.761413832,3.930509152
"Guinea","GIN",638.5993375,667.0952954,809.9578165,893.129332,54.052,54.864,60.17,60.706,9307425,9518162,11738441,12067539,4660688,4777461,6158659,6377069,32.539,32.822,35.46,35.793,NA,NA,2.518,2.21697,0.637492123,0.780025279,9.8,18
"Guyana","GUY",2588.031249,2769.215679,3793.044295,3852.692025,66.972,67.247,69.454,69.624,746343,746474,771366,775221,446335,452730,501895,505580,27.582,27.343,26.482,26.538,5.08925,3.75262,6.061,6.34497,NA,13.8,35.66,37.32583679
"Haiti","HTI",698.0608287,709.9615793,729.8559384,728.8449367,59.028,59.408,62.896,63.29,9344785,9495328,10839970,10982366,5409735,5527835,6641406,6758561,43.604,44.574,53.396,54.346,NA,NA,2.44959,NA,6.796000481,7.2,12.23260161,12.32610358
"Honduras","HND",1839.312044,1909.557264,2096.571522,2160.091206,72.285,72.544,74.701,74.898,7634298,7808518,9270795,9429013,4285228,4424052,5799721,5949149,49.245,49.905,55.813,56.457,NA,NA,6.30177,5.95605,7.8,9.4,29.5,31.7
"Hong Kong SAR, China","HKG",29446.28378,31081.58611,36820.97742,37949.30582,82.37560976,82.32682927,84.22682927,84.6804878,6857100,6916300,7336600,7391700,5064722,5139327,5359413,5338161,100,100,100,100,3.84279,3.45455,3.29265,3.30965,60.8,64.8,87.47941467,89.41594465
"Hungary","HUN",13653.22194,13732.14938,15032.13558,15695.69794,73.09756098,73.15121951,76.06341463,76.06341463,10071370,10055780,9814023,9787966,6930944,6921074,6636894,6562819,66.895,67.421,70.779,71.062,5.30903,5.14728,4.71078,NA,47.06,53.3,79.25941213,76.75054712
"Iceland","ISL",44859.83254,47835.38424,50188.49842,51281.98774,81.15853659,81.45365854,82.20487805,82.20487805,303782,311566,335439,343400,201363,207445,220678,225218,93.159,93.278,93.735,93.773,7.37107,7.05265,7.45988,NA,89.51,90.6,98.2400163,98.26
"India","IND",1106.926392,1173.875326,1874.228501,1987.341087,64.918,65.35,68.897,69.165,1165486291,1183209472,1324509589,1338658835,732023639,746636062,877808961,890719320,29.569,29.906,33.182,33.6,3.14285,NA,NA,NA,2.805499865,3.95,22,34.45
"Indonesia","IDN",2627.905245,2757.89367,3968.055911,4120.428561,67.717,68.105,71.035,71.282,229318262,232374245,261554226,264645886,150457184,152986408,175876857,178379664,46.738,47.535,53.989,54.659,NA,3.04425,NA,NA,4.764813134,5.786274729,25.4473537,32.2924419
"Iran, Islamic Rep.","IRN",5957.945759,6373.249584,6794.293215,6952.443584,72.257,72.626,76.047,76.271,70554760,71336475,79564016,80673951,48772277,49779731,55736647,56240595,68.239,68.864,73.88,74.394,4.28999,4.59681,3.36576,3.7904,8.76,9.47,53.22677167,64.04397362
"Iraq","IRQ",4181.400818,4168.667044,5846.511746,5604.570057,68.157,68.13,70.122,70.294,27448124,27911248,36610632,37552781,14991538,15250622,21141845,21778432,68.819,68.873,70.094,70.278,NA,NA,NA,NA,0.952344244,0.93,21.23,49.35999889
"Ireland","IRL",53466.06621,54708.0706,67077.74361,71755.96701,79.24146341,79.64146341,81.70487805,81.95609756,4273591,4398942,4755335,4807388,2955513,3034132,3095584,3119517,60.738,60.94,62.737,62.947,4.54547,4.71225,3.69856,NA,54.82,61.15832455,85.01113212,84.11400706
"Isle of Man","IMN",61319.18719,64993.87116,87381.78604,NA,NA,NA,NA,NA,81285,82408,83287,83598,NA,NA,NA,NA,51.922,51.94,52.343,52.458,NA,NA,NA,NA,NA,NA,NA,NA
"Israel","ISR",28532.03285,29645.95787,33839.83485,34333.3619,80.55365854,80.50487805,82.40731707,82.60243902,7053700,7180100,8546000,8713300,4392383,4477347,5178968,5256726,91.58,91.641,92.256,92.336,5.76303,5.50995,5.8493,NA,27.88107446,48.12806219,79.65312418,81.58118359
"Italy","ITA",37872.16836,38236.79561,34397.65099,35029.42642,81.28292683,81.43414634,83.24390244,83.24390244,58143979,58438310,60627498,60536709,38358790,38478501,38898890,38758774,67.856,67.974,69.855,70.144,4.53777,4.11852,3.82943,NA,37.99,40.79,61.32425277,63.077347
"Jamaica","JAM",5053.037639,5099.806973,4753.705156,4776.204078,74.143,74.129,74.175,74.267,2754407,2768227,2906238,2920853,1721514,1744997,1949952,1965513,52.998,53.184,55.098,55.378,NA,5.49022,5.31548,5.26013,16.4,21.1,44.36685637,55.07206705
"Japan","JPN",44995.49449,45687.27381,47444.14356,48438.83458,82.32195122,82.50707317,83.98487805,84.0997561,127854000,128001000,126994511,126785797,84556631,84116655,76823835,76168000,87.118,88.146,91.457,91.535,3.32909,3.33094,NA,NA,68.68527032,74.3,93.18272128,84.58806583
"Jordan","JOR",3540.090756,3668.055475,3241.250765,3232.758344,72.763,72.931,74.184,74.292,5991540,6255280,9551467,9779173,3504947,3665966,5803146,5994977,80.97,82.371,90.506,90.747,NA,NA,3.89621,3.59959,13.86710879,20,62.30219257,66.79031443
"Kazakhstan","KAZ",7917.195342,8523.766205,10582.70087,10867.73874,66.16097561,66.50487805,72.3,72.95,15308084,15484192,17794055,18037776,10430082,10605282,11703874,11715232,56.536,56.609,57.264,57.336,2.62678,2.83139,2.9781,2.817,3.268369051,4.02,74.58772647,76.42674823
"Kenya","KEN",885.8096325,920.6492166,1129.713196,1157.052488,56.093,57.463,65.393,65.909,37649033,38705932,49051686,50221473,20361193,20975272,27921054,28824053,22.045,22.42,26.105,26.562,7.04984,NA,5.36267,5.23898,3.6,4.4,16.6,17.82710021
"Kiribati","KIR",1658.595077,1654.055927,1772.932796,1753.2956,64.712,64.953,67.577,67.851,94343,96527,112524,114158,56826,58222,69083,69670,44.03,44.866,52.45,53.262,NA,NA,NA,NA,4.5,6,13.7,14.58181818
"Korea, Dem. Peopleâ€™s Rep.","PRK",NA,NA,NA,NA,68.54,68.675,71.711,71.91,24054864,24188331,25307744,25429985,16325944,16446506,17621731,17810004,59.884,59.962,61.471,61.678,NA,NA,NA,NA,0,0,NA,NA
"Korea, Rep.","KOR",19427.18984,20385.32004,25484.03759,26152.03077,78.66829268,79.1195122,82.27560976,82.62682927,48438292,48683638,51245707,51466201,35092206,35357898,37493475,37530313,81.528,81.631,81.562,81.503,NA,NA,NA,NA,78.1,78.8,92.84302568,95.06942188
"Kosovo","XKX",2884.000702,3069.376965,3925.270222,4058.822626,68.94634146,69.19756098,71.64634146,71.94634146,1719536,1733404,1816200,1830700,NA,NA,NA,NA,NA,NA,NA,NA,NA,NA,NA,NA,NA,NA,NA,83.89359681
"Kuwait","KWT",49342.69463,49576.70384,35887.1002,33790.33433,73.66,73.807,75.224,75.311,2373672,2504019,3956873,4056097,1725481,1836527,3025460,3090546,100,100,100,100,3.76001,NA,NA,NA,28.79119795,34.8,78.36738376,100
"Kyrgyz Republic","KGZ",762.5201161,819.8062973,1042.280328,1070.368943,67.69512195,67.89512195,70.95121951,71.2,5218400,5268400,6079500,6198200,3340049,3402850,3874021,3930063,35.289,35.287,35.944,36.135,5.54986,6.467,6.58615,6.13628,12.306907,14.03,37,38
"Lao PDR","LAO",900.7808533,953.092092,1621.735265,1706.133515,62.182,62.731,66.924,67.277,5846074,5944948,6845846,6953035,3322308,3426216,4304813,4389139,27.748,28.316,33.736,34.368,2.95879,3.07842,NA,NA,1.169893428,1.64,21.87,25.51043508
"Latvia","LVA",12278.30704,13614.25637,14713.01808,15532.22503,70.86585366,71.0195122,74.5804878,74.6804878,2218357,2200325,1959537,1942248,1515875,1501639,1275493,1254506,67.967,67.9,68.021,68.075,4.71155,4.65622,4.71957,NA,53.63,59.17,79.84209778,80.114077
"Lebanon","LBN",5683.133835,6204.096878,6330.423607,6271.219323,77.26,77.609,78.8,78.833,4759753,4767344,6711121,6811873,3067749,3115560,4461999,4541184,86.762,86.901,88.266,88.429,2.77649,2.57878,NA,NA,15,18.74,76.11,78.18077489
"Lesotho","LSO",978.7872329,1027.649712,1436.149532,1392.303254,42.595,42.854,52.059,52.947,1989939,1986922,2075001,2091412,1169210,1175638,1285168,1299728,22.82,23.304,27.317,27.73,11.27128,NA,NA,NA,2.979708187,3.44543126,27.36,29
"Liberia","LBR",457.6992121,482.1249527,548.2681436,548.0105383,56.4,57.365,62.802,63.295,3329211,3461911,4586788,4702228,1786360,1854844,2522749,2600265,46.396,46.742,50.254,50.697,NA,NA,NA,NA,NA,0.551376581,7.319106411,7.984479722
"Libya","LBY",11164.80874,11699.31432,5669.733946,7085.530659,72.063,72.155,72.311,72.52,5886872,5974787,6492164,6580724,3898740,3973835,4349667,4417734,77.253,77.437,79.54,79.817,NA,NA,NA,NA,4.301051789,4.721999379,20.27215956,21.75892062
"Liechtenstein","LIE",NA,NA,NA,NA,80.94878049,81.29512195,82.25853659,82.25853659,34970,35217,37658,37800,NA,NA,NA,NA,14.684,14.629,14.303,14.315,2.05381,1.92119,NA,NA,64.21416136,65.08021844,98.09390389,98.1
"Lithuania","LTU",11500.52915,12928.25994,15944.62541,16838.5432,71.05609756,70.9,74.67073171,74.67073171,3269909,3231294,2868231,2828403,2203368,2182569,1904209,1865942,66.706,66.777,67.366,67.516,4.82055,4.59055,4.00847,NA,43.9,49.9,74.37664556,77.61525651
"Luxembourg","LUX",104943.4403,111968.3495,107479.5111,106519.5824,79.28780488,79.38292683,82.68536585,82.68536585,472637,479993,582014,596336,317871,324338,405770,416411,87.009,87.409,90.46,90.727,NA,NA,NA,NA,72.51,78.92,98.13669867,97.36296032
"Macao SAR, China","MAC",37922.27855,42479.63202,52089.7452,56249.70947,81.748,81.981,83.854,83.989,493799,504511,612836,622585,380733,394336,477440,478902,100,100,100,100,2.20639,2.05452,3.0831,2.71071,46.4,47.327,81.64298546,83.17408907
"Madagascar","MDG",422.1411447,435.7170882,416.0055748,422.4482542,61.65,62.079,65.931,66.311,18880269,19433530,24894380,25570540,9924161,10255109,13897816,14344435,29.425,30.043,35.856,36.522,3.28253,3.36988,NA,NA,0.607552239,0.65,4.713662899,9.8
"Malawi","MWI",392.7599989,418.5882186,506.2496613,512.6456123,49.118,50.595,62.681,63.279,12973699,13341806,17205289,17670260,6584881,6772098,9061850,9374799,15.144,15.235,16.506,16.714,NA,NA,4.74857,4.03133,0.42513749,0.965864737,11.47,13.78216439
"Malaysia","MYS",8255.286044,8605.017517,11219.62986,11720.73863,73.744,73.931,75.649,75.828,26201961,26720370,30684804,31105028,17145982,17573461,21197253,21531602,67.483,68.36,74.84,75.447,4.48577,4.37254,4.82401,4.74071,51.63798899,55.7,78.78830993,80.14047901
"Maldives","MDV",6734.426995,7087.653687,7699.713116,7885.488975,74.138,74.621,78.013,78.325,327487,335169,475513,496402,214780,224344,358515,376405,34.794,35.2,38.954,39.38,4.64524,4.41788,4.06728,NA,11.03635278,16.3,59.09258997,63.18566588
"Mali","MLI",675.9505663,676.6036395,747.0916565,764.1691571,52.839,53.553,57.987,58.452,13203378,13651464,17965429,18512394,6604657,6810973,8915089,9212187,32.832,33.612,40.783,41.572,NA,NA,3.09604,NA,0.729627281,0.81,11.11218649,13
"Malta","MLT",19870.7522,20590.95219,26510.06655,27523.50913,79.43902439,79.79268293,82.45365854,82.45365854,405308,406724,455356,467999,280404,282419,302415,308331,93.784,93.857,94.48,94.546,NA,5.98135,NA,NA,40.41,46.9,78.0751488,81.01191108
"Marshall Islands","MHL",2771.078937,2857.757755,3101.096283,3194.861115,NA,NA,NA,NA,55767,56051,57735,58058,NA,NA,NA,NA,71.635,72.126,76.228,76.634,NA,NA,NA,NA,3.795590214,3.95,29.78777936,38.70116262
"Mauritania","MRT",1293.618132,1292.437596,1336.993368,1339.207896,61.552,61.776,64.208,64.464,3111906,3202517,4163534,4282574,1704709,1761097,2351041,2424225,42.998,43.89,51.962,52.824,2.52458,NA,2.63107,NA,0.979661253,1.433613196,18,20.80096366
"Mauritius","MUS",6746.886624,7100.861825,9833.613134,10199.47936,72.43219512,72.57073171,74.39487805,74.51463415,1233996,1239630,1263473,1264613,850041,858837,892710,893967,42,41.889,40.91,40.841,3.81811,3.1854,5.0136,5.02313,16.7,20.22,52.19132594,55.4032403
"Mexico","MEX",9547.333571,9622.047957,10206.89345,10297.58621,75.296,75.255,74.917,74.947,107560153,109170502,123333376,124777324,67617391,69038032,81180235,82377995,76.616,76.92,79.577,79.867,4.69992,4.69051,4.91005,NA,19.52,20.81,59.540446,63.85224909
"Micronesia, Fed. Sts.","FSM",2843.326596,2812.26989,2708.769085,2764.249036,65.697,65.901,67.471,67.618,105371,104444,110215,111459,61268,61557,70591,71573,22.324,22.317,22.526,22.608,NA,NA,NA,NA,12.75033925,13.62113273,33.35216255,35.30405287
"Moldova","MDA",1740.419556,1796.791338,2461.052647,2578.49768,68.022,68.302,71.617,71.717,3585209,3576910,3551954,3549196,2582657,2591575,2621291,2600664,42.744,42.713,42.511,42.557,7.49893,8.29343,6.66131,6.68377,19.62064771,20.45,70.99999911,76.12451989
"Monaco","MCO",150351.8515,170376.5867,193745.575,185396.3781,NA,NA,NA,NA,34190,34525,38070,38392,NA,NA,NA,NA,100,100,100,100,NA,NA,1.37103,1.46121,61.47603971,64.3776824,95.20817797,97.05297684
"Mongolia","MNG",2228.419282,2423.671209,3866.243973,3996.143621,65.538,65.985,69.321,69.509,2558856,2593820,3056359,3113779,1742808,1780280,2036935,2056850,63.535,64.564,68.297,68.363,NA,4.69013,5.18061,4.08578,NA,9,22.2657705,23.71426517
"Montenegro","MNE",6072.034297,6476.594865,7492.863436,7845.379224,73.85,74.115,76.568,76.667,615025,615875,622303,622373,411232,412999,420209,418247,62.803,63.139,66.141,66.477,NA,NA,NA,NA,28.9,30.8,69.88164684,71.27233254
"Morocco","MAR",2512.862411,2571.26444,3214.917464,3302.906379,72.403,73.009,75.974,76.218,30804683,31163673,35126296,35581294,19673834,20034753,23119724,23410376,55.746,56.317,61.36,61.908,NA,NA,NA,NA,19.77119157,21.5,58.27123642,61.76221201
"Mozambique","MOZ",369.7650448,386.3518665,533.4584932,537.5722862,50.641,50.934,58.309,59.309,21080110,21673316,27829942,28649007,10839117,11117734,14439475,14938224,30.182,30.364,34.926,35.455,4.27427,NA,NA,NA,0.842954488,0.91,17.52123909,10
"Myanmar","MMR",671.4549402,747.1162512,1403.767118,1489.171749,61.938,62.294,66.205,66.558,49301050,49621475,53045226,53382581,31710391,31997692,35708553,36082487,28.132,28.319,30.082,30.322,NA,NA,NA,2.16463,0.182048331,0.217128445,25.07330424,30.67818311
"Namibia","NAM",4975.023121,5150.424494,6365.499834,6193.216394,51.609,52.593,62.625,63.021,1971317,2006514,2358041,2402603,1129201,1156566,1401233,1428313,37.61,38.598,47.961,49.005,NA,NA,NA,NA,4.398870647,4.835610778,31.03334594,51
"Nauru","NRU",NA,3016.2122,9647.677944,10183.51883,NA,NA,NA,NA,9828,9842,13049,12876,NA,NA,NA,NA,100,100,100,100,NA,4.91103,NA,NA,NA,NA,NA,57
"Nepal","NPL",510.6456529,521.743908,729.66143,776.9161273,65.773,66.26,69.848,70.169,26066693,26382581,27261131,27627124,14844769,15142055,16922877,17404757,15.462,15.781,18.942,19.336,3.60536,3.51721,4.44099,5.08265,1.141389164,1.41,19.68876384,34
"Netherlands","NLD",50033.88343,51808.76514,52727.10247,53942.08508,79.69756098,80.09756098,81.56097561,81.56097561,16346101,16381696,17030314,17131296,11020621,11036052,11078548,11110457,83.636,84.539,90.635,91.077,5.09047,4.93376,5.4796,NA,83.7,85.82,90.4109589,93.19727891
"New Caledonia","NCL",NA,NA,NA,NA,76.07560976,76.47804878,76.96150074,77.14878049,235750,239250,276550,280350,156849,159938,187856,190701,64.638,65.306,69.821,70.256,NA,NA,NA,NA,33.51571468,35.05,NA,82.0058408
"New Zealand","NZL",33903.03488,34600.44522,37319.28612,37678.35685,80.04878049,80.15121951,81.61243902,81.65853659,4184600,4223800,4693200,4793900,2781336,2809736,3059510,3113848,86.4,86.34,86.4,86.466,5.95283,5.91594,6.4278,NA,69,69.76,88.47018635,90.81109307
"Nicaragua","NIC",1447.472317,1500.193458,1895.192042,1958.671213,71.436,71.673,73.86,74.068,5513763,5590055,6303974,6384855,3318454,3394693,4047897,4111803,56.132,56.328,58.09,58.299,NA,NA,4.11264,4.34879,2.805573063,3.9,24.57183396,27.86304001
"Niger","NER",332.450482,330.2686611,389.9855591,393.6620996,54.18,54.968,61.137,61.599,14143971,14685399,20788838,21602472,6796547,7022615,9824466,10221503,16.238,16.234,16.29,16.35,3.33406,4.02097,4.08372,3.54273,0.294033977,0.39039062,4.32275803,10.22431156
"Nigeria","NGA",1919.724203,1993.097411,2456.306188,2412.367125,48.812,49.373,53.541,53.95,142538308,146339977,185960289,190873311,76180641,78070735,98834085,101616649,39.943,40.819,48.683,49.519,NA,NA,NA,NA,5.545036083,6.77,25.67,42
"North Macedonia","MKD",3942.452375,4193.00227,5247.250784,5256.711049,74.08,74.19,75.498,75.589,2063131,2065426,2080745,2081996,1425327,1434694,1464072,1459249,57.383,57.264,57.563,57.748,NA,NA,NA,NA,28.62,36.3,72.15681447,74.51682418
"Northern Mariana Islands","MNP",20613.22409,19460.43224,18595.53915,23117.01611,NA,NA,NA,NA,55882,55219,56188,56562,NA,NA,NA,NA,90.638,90.716,91.443,91.53,NA,NA,NA,NA,NA,NA,NA,NA
"Norway","NOR",89887.01952,91617.27915,90402.60219,91451.35052,80.34390244,80.39512195,82.40731707,82.5097561,4660677,4709153,5234519,5276968,3066079,3106621,3434052,3456146,77.95,78.234,81.485,81.871,6.38566,6.53203,7.9761,NA,82.55,86.93,97.29820367,96.3576013
"Oman","OMN",18078.88115,18340.91929,16692.256,15875.57093,74.577,74.893,77.142,77.393,2580758,2657158,4479219,4665935,1724252,1818596,3395400,3528136,72.967,73.527,82.5,83.56,3.85934,NA,NA,6.84919,8.299716673,16.68,76.84539047,80.18563573
"Pakistan","PAK",970.941956,994.904409,1119.039071,1158.540425,64.176,64.42,66.77,66.947,164022627,167808105,203627284,207896686,92399585,95241841,122148420,125169486,34.184,34.387,36.234,36.442,2.62638,2.63527,3.00292,2.89952,6.5,6.8,12.38544676,15.51
"Palau","PLW",10371.46735,10676.31166,12825.28583,12309.70835,NA,NA,NA,NA,19540,19158,17725,17808,NA,NA,NA,NA,71.91,72.655,78.775,79.365,NA,NA,NA,NA,NA,NA,NA,NA
"Panama","PAN",6585.456941,7242.248874,11108.5907,11501.15728,76.06,76.234,77.964,78.149,3391666,3453675,4037078,4106771,2158936,2202712,2610791,2659159,63.976,64.268,67.027,67.365,NA,NA,NA,NA,17.34956617,22.29,54,57.86509007
"Papua New Guinea","PNG",1645.561761,1784.785598,2448.711322,2437.662982,60.836,61.141,63.744,64.01,6646895,6808514,8271760,8438029,3838656,3939430,4981495,5103519,13.091,13.073,13.05,13.102,NA,NA,NA,NA,1.754487261,1.790559361,9.601538462,11.20919659
"Paraguay","PRY",3702.822918,3848.118983,5089.61202,5272.57579,71.862,72.055,73.836,73.992,5913209,5998427,6777872,6867062,3563712,3640080,4332273,4398672,57.96,58.286,61.026,61.3,NA,2.73951,3.43834,NA,7.962073884,11.21,53.40412748,61.07575622
"Peru","PER",4047.748036,4356.738965,6262.730977,6314.672102,73.222,73.528,76.044,76.286,28102056,28333052,30926032,31444297,17637165,17855680,20207760,20698743,75.421,75.803,77.539,77.72,2.65281,2.6294,3.81827,3.92396,20.7,25.2,45.46174069,48.72763146
"Philippines","PHL",1878.496933,1968.812423,2743.198363,2884.380594,69.233,69.37,70.802,70.952,87888675,89405482,103663927,105173264,52586114,53883967,65635238,66884827,45.625,45.54,46.475,46.682,2.53381,2.59534,NA,NA,5.740586325,5.97,55.5,60.05476033
"Poland","POL",10572.19273,11322.06581,15101.36106,15826.38488,75.14390244,75.24390244,77.85121951,77.85121951,38141267,38120560,37970087,37974826,26938980,27036802,26152707,25894815,61.341,61.229,60.178,60.105,5.20573,4.86834,4.63931,NA,44.58,48.6,73.3007041,75.98536595
"Portugal","PRT",22306.28405,22817.32155,22511.72625,23197.44163,78.4195122,78.32195122,81.12439024,81.12439024,10522288,10542964,10325452,10300300,7058312,7049027,6707573,6672042,58.137,58.749,64.086,64.652,4.90802,4.92191,NA,NA,38.01,42.09,70.42356709,73.79121395
"Puerto Rico","PRI",27293.44847,27134.51941,27703.5236,27628.28691,78.41634146,78.42585366,79.49497561,79.63453659,3805214,3782995,3406495,3325001,2497019,2486115,2218245,2155487,94.056,93.999,93.602,93.587,NA,NA,NA,NA,25.44241821,27.86,68.6438072,70.59787359
"Qatar","QAT",65819.97994,65183.53029,64303.18636,63632.59866,78.425,78.601,79.868,79.981,1022711,1218434,2654374,2724724,823636,1011771,2266630,2323022,97.671,97.917,99.015,99.078,NA,NA,NA,2.86383,28.97411271,37,95.12466217,97.38884917
"Romania","ROU",7369.49247,8020.192732,10236.86217,11016.7761,72.16341463,72.56585366,75.3097561,75.3097561,21193760,20882982,19702332,19587491,14647869,14422200,13230963,13058743,53.305,53.436,53.9,53.936,4.25387,4.11774,NA,NA,24.66,28.3,59.50395129,63.74728218
"Russian Federation","RUS",9693.20523,10535.12772,11298.48374,11469.67549,66.72756098,67.58682927,71.65121951,72.11902439,143049528,142805088,144342396,144496740,101933852,102218480,99343827,98406201,73.508,73.553,74.164,74.292,3.86626,NA,3.74321,NA,18.02327746,24.66,73.09143462,76.00813853
"Rwanda","RWA",468.3940802,491.8421673,755.8673111,780.7722833,57.083,58.915,67.93,68.341,9043337,9273757,11668818,11980937,4991308,5138937,6640766,6830824,16.917,16.921,17.056,17.125,NA,4.24104,3.53979,3.2057,NA,2.115387178,20,21.76763262
"Samoa","WSM",3460.988756,3656.164703,3795.384997,3881.740057,70.642,70.901,72.895,73.046,180876,182046,194535,195352,101090,102226,110407,110902,20.981,20.75,18.681,18.452,NA,NA,4.08047,NA,4.469173873,4.749983235,29.41173011,33.61093932
"San Marino","SMR",79571.90443,84216.25431,52811.2788,53337.58787,NA,NA,NA,NA,29700,30063,33504,33671,NA,NA,NA,NA,94.736,95.007,96.91,97.072,NA,NA,NA,3.04131,50.20865936,50.36482211,NA,60.18230126
"Sao Tome and Principe","STP",1000.617983,1004.477619,1263.374506,1287.809351,65.27,65.854,69.67,69.933,161681,166300,203227,207089,85504,88301,109693,112320,60.348,61.52,71.092,71.968,4.57392,6.48377,5.07533,4.85713,14.18201978,14.5904832,28,29.9312292
"Saudi Arabia","SAU",19367.58275,19187.80679,21270.4714,20693.93913,73.355,73.467,74.761,74.874,24498310,25184597,32442572,33099147,15692263,16359468,23153937,23676946,81.204,81.427,83.401,83.622,5.89117,NA,NA,NA,19.45955435,30,74.87927469,82.12000121
"Senegal","SEN",1233.92569,1261.091466,1430.362395,1489.372031,61.365,62.126,67.078,67.38,11382268,11687080,14993528,15419381,6045775,6214647,8030122,8278534,42.124,42.535,46.296,46.74,3.76968,NA,5.12751,4.81492,5.611738652,6.89,25.66476804,46
"Serbia","SRB",5120.808738,5472.709444,6394.460295,6560.323377,73.38536585,73.63170732,75.68780488,76.08780488,7411569,7381579,7058322,7020858,4973794,4974349,4700815,4653380,54.105,54.328,55.81,55.942,NA,4.51091,3.86178,3.95618,27.2,33.15,67.05684137,70.33083553
"Seychelles","SYC",10126.29048,11124.65711,13598.33635,14014.86814,72.21707317,73.14390244,74.3097561,74.3,84600,85033,94677,95843,57729,58264,65674,66220,51.969,52.285,55.831,56.261,4.77012,NA,4.41832,NA,34.95197117,38.38,56.51470815,58.76981124
"Sierra Leone","SLE",357.21953,375.6680003,457.8330917,466.9450694,45.517,46.52,53.444,53.895,5829237,5989633,7328838,7488431,3098221,3189390,4058222,4168180,37.303,37.689,41.228,41.636,NA,2.55851,3.06023,4.63577,0.227669467,0.239834699,11.77318438,9
"Singapore","SGP",42785.59267,44742.41698,54764.86476,56740.75312,80.14146341,80.44146341,82.84634146,82.89512195,4401365,4588599,5607283,5612253,3347294,3516747,4370443,4333088,100,100,100,100,2.86787,2.96336,NA,NA,59,69.9,84.45226789,84.44953878
"Sint Maarten (Dutch part)","SXM",NA,NA,NA,NA,NA,74.54390244,NA,NA,33441,33811,39969,40574,NA,NA,NA,NA,100,100,100,100,NA,NA,NA,NA,NA,NA,NA,NA
"Slovak Republic","SVK",14326.25988,15868.80441,19298.07348,19882.48449,74.20487805,74.20731707,77.16585366,77.16585366,5373054,5374622,5430798,5439232,3857447,3869817,3811923,3784686,55.412,55.261,53.806,53.751,3.71354,3.52932,3.90267,NA,56.08,61.8,80.47585728,81.62566752
"Slovenia","SVN",23201.25791,24673.44469,24445.55791,25621.93209,78.08658537,78.56097561,81.17560976,81.17560976,2006868,2018122,2065042,2066388,1413518,1417132,1378214,1365356,51.758,51.983,54.02,54.273,5.57559,5.10509,4.79565,NA,54.01,56.74,75.49850426,78.88542636
"Solomon Islands","SLB",1210.615724,1270.050153,1454.319082,1466.419401,69.462,69.762,72.424,72.645,481078,492132,619437,636038,268115,274679,347039,356650,18.259,18.694,22.823,23.286,NA,9.87995,NA,NA,1.646347989,2,11.00090227,11.92422906
"Somalia","SOM",NA,NA,NA,NA,52.669,52.998,56.324,56.709,10763905,11080121,14185613,14589119,5305190,5443441,7125113,7351944,37.1,34.404,43.816,44.391,NA,NA,NA,NA,1.100216368,1.122235622,1.88,2.004048698
"South Africa","ZAF",7017.693853,7298.998143,7482.961496,7482.726609,53.795,54.452,63.153,63.538,48489459,49119759,56203654,57000451,31436930,31968707,36905804,37409716,60.077,60.616,65.341,65.85,5.07257,4.97414,5.94059,6.12535,7.607139675,8.065375174,54,56.16739447
"South Sudan","SSD",NA,NA,691.687534,NA,52.315,52.96,57.12,57.365,7907406,8315139,10832512,10910759,4159345,4379904,5882413,5949354,17.287,17.42,19.092,19.346,NA,NA,1.49687,0.98115,NA,NA,6.679728051,7.977428907
"Spain","ESP",31865.36917,32459.91738,31539.51029,32402.68336,80.82195122,80.87317073,83.32926829,83.32926829,44397319,45226803,46483569,46593236,30593189,31079725,30829794,30821805,77.502,77.74,79.84,80.08,4.16759,4.23332,4.20911,NA,50.37,55.11,80.56133294,84.6022428
"Sri Lanka","LKA",2275.891728,2412.686828,3769.159089,3854.248903,74.904,75.037,76.482,76.648,19695972,19842044,21203000,21444000,13291933,13379397,13916964,14039241,18.288,18.272,18.311,18.384,NA,NA,3.47508,2.80152,2.537566129,3.88,16.4,34.1133479
"St. Kitts and Nevis","KNA",15983.5054,15828.54172,17557.21922,17619.39326,NA,NA,NA,NA,47339,47778,51625,52045,NA,NA,NA,NA,31.886,31.744,30.79,30.773,3.98012,3.99306,NA,NA,38.5,43.5,76.81767491,80.71019081
"St. Lucia","LCA",7988.324518,8043.68562,8238.016736,8496.565032,74.276,74.426,75.752,75.907,165381,167639,180024,180955,108970,111651,128278,129359,22.068,21.084,18.558,18.612,5.25354,NA,5.80423,NA,24.5,27.9,46.72907806,50.81524478
"St. Martin (French part)","MAF",NA,NA,NA,NA,78.07073171,78.22195122,79.62195122,79.72195122,35237,36137,36065,36560,NA,NA,NA,NA,NA,NA,NA,NA,NA,NA,NA,NA,NA,NA,NA,NA
"St. Vincent and the Grenadines","VCT",6314.950575,6531.143304,6692.514817,6727.449232,71.449,71.554,72.193,72.3,108603,108518,109459,109827,70285,70533,73676,74249,47.412,47.794,51.373,51.784,NA,5.67103,5.76068,5.78273,12,16,20.68943522,22.00427798
"Sudan","SDN",1291.569295,1401.199013,1911.025651,1945.709596,60.969,61.422,64.663,64.881,31661823,32360621,39847440,40813396,16906167,17291082,22044547,22696398,32.813,32.866,34.121,34.37,1.96302,NA,NA,NA,NA,8.66,14.09999994,30.87029573
"Suriname","SUR",7290.204984,7573.705197,7912.618008,7967.016879,69.227,69.579,71.358,71.463,505295,511181,564888,570496,318618,324055,370630,375169,66.615,66.547,66.04,66.041,NA,NA,NA,NA,9.499626942,14.11,45.4,48.94517397
"Sweden","SWE",52106.21151,53483.95671,56195.88138,56610.68499,80.74878049,80.9,82.30731707,82.30731707,9080505,9148092,9923085,10057698,5925947,5976743,6228866,6287411,84.43,84.588,86.852,87.146,6.41067,6.21507,7.66993,NA,87.76,82.01,89.65094761,95.51006745
"Switzerland","CHE",72823.83726,75143.70222,76934.32049,77451.9812,81.4902439,81.74146341,83.60243902,83.60243902,7483934,7551117,8373338,8451840,5091240,5142566,5604990,5637093,73.504,73.53,73.739,73.761,4.96158,4.68738,5.11332,NA,75.7,77.2,89.13468774,89.68614767
"Syrian Arab Republic","SYR",NA,NA,NA,NA,74.412,74.152,70.315,70.967,19059258,19878254,17453933,17068002,11024964,11559958,11081506,10898282,54.146,54.511,52.835,53.5,5.27965,4.86471,NA,NA,7.832551569,11.5,31.86962727,34.25340193
"Tajikistan","TJK",633.3400688,668.9512876,976.1351753,1024.858954,66.771,67.382,70.397,70.647,6922587,7062672,8663579,8880268,4077726,4205655,5277121,5378323,26.512,26.514,26.851,26.982,3.40347,3.41327,NA,NA,3.772406207,7.197619518,20.47,21.96
"Tanzania","TZA",659.8043503,684.8840491,904.3818923,937.3014916,55.119,55.926,63.844,64.479,39548663,40681414,53050790,54663906,20812602,21401860,28079106,29026474,25.478,26.121,32.333,33.053,3.00992,4.03342,NA,NA,1.3,1.6,13,25
"Thailand","THA",4525.958803,4745.30443,5911.951214,6128.658158,72.499,72.916,76.403,76.683,65812536,66182067,68971331,69209858,46859626,47269797,49209859,49283796,38.673,39.95,48.448,49.2,4.05038,3.60314,NA,NA,17.16071472,20.03,47.50496562,52.89192934
"Timor-Leste","TLS",3661.664635,3780.232511,3072.415023,2737.346303,64.803,65.61,68.735,69.007,1016432,1036392,1219288,1243261,525664,539400,691858,712862,26.374,26.709,29.85,30.212,NA,NA,5.2893,3.84654,0.5,1,25.24624959,27.49273173
"Togo","TGO",498.7712624,496.6244106,644.856576,657.0547673,55.052,55.581,60.22,60.489,5762880,5920359,7509952,7698475,3136331,3221028,4150527,4273593,35.649,36.116,40.628,41.162,3.43501,3.51063,4.9847,NA,2,2.2,11.31,12.36022497
"Tonga","TON",3470.066442,3297.145162,4016.865962,4090.336314,69.852,69.878,70.607,70.701,101706,102581,101133,101998,56883,57529,58552,59416,23.184,23.227,23.222,23.169,NA,NA,NA,NA,5.853944095,7.179865329,39.95,41.24872764
"Trinidad and Tobago","TTO",15899.4003,16580.31724,15614.83158,15246.12281,70.952,71.21,73.1,73.245,1302561,1308451,1377564,1384072,926432,931909,955608,956351,54.779,54.59,53.25,53.205,NA,NA,NA,NA,30.00374858,32.3,73.29694122,77.32605293
"Tunisia","TUN",3639.730695,3844.928215,4314.953355,4343.923641,74.391,74.558,76.115,76.31,10201214,10304726,11303946,11433443,6905239,7027303,7706140,7755995,65.524,65.809,68.346,68.642,6.43859,6.46552,NA,NA,12.98640865,17.1,49.59999484,64.19081023
"Turkey","TUR",10252.36049,10640.42283,14062.73379,14870.67548,72.83,73.235,76.86,77.161,68756810,69581848,79821724,81101892,44693283,45397347,53181802,54128645,68.45,69.053,74.134,74.644,2.75062,NA,NA,NA,18.24,28.63,58.34773401,64.68461768
"Turkmenistan","TKM",3181.071149,3489.327196,6987.068177,7318.065501,65.354,65.695,67.835,67.956,4810109,4870141,5662372,5757669,3052185,3132778,3681338,3731671,47.308,47.581,50.728,51.153,NA,NA,NA,NA,1.319573118,1.406360688,17.99032446,21.25099741
"Turks and Caicos Islands","TCA",NA,NA,NA,NA,NA,NA,NA,NA,29391,30385,36559,37115,NA,NA,NA,NA,88.281,88.797,92.517,92.817,NA,NA,NA,NA,NA,NA,NA,NA
"Tuvalu","TUV",2945.760847,3101.875845,3493.770001,3590.425897,NA,NA,NA,NA,10120,10221,11225,11370,NA,NA,NA,NA,50.721,51.743,60.645,61.53,NA,NA,NA,NA,NA,10,46.00915151,49.31833862
"Uganda","UGA",531.3598917,558.1869187,694.009088,694.2895341,52.784,53.887,61.986,62.516,28571475,29486338,39647506,41162465,13838299,14314635,19992163,20893967,17.425,17.899,22.624,23.196,NA,NA,2.55882,2.63501,2.529363038,3.671965351,21.87617046,23.70653091
"Ukraine","UKR",2983.857295,3229.652917,2909.646215,2994.524185,68.07756098,68.22219512,71.47634146,71.78097561,46787750,46509350,45004645,44831135,32576961,32472877,30905254,30581925,67.969,68.147,69.154,69.246,6.2148,6.15721,5.00978,5.414,4.506124564,6.55,53,58.88947945
"United Arab Emirates","ARE",53335.03157,47283.90328,41045.11112,40819.12868,75.573,75.767,77.47,77.647,5300174,6168838,9360980,9487203,4380867,5185741,7921963,8012977,82.648,83.023,85.965,86.248,NA,NA,NA,NA,52,61,90.60000732,94.81992254
"United Kingdom","GBR",40504.84362,41213.72474,42201.64143,42669.57651,79.24878049,79.44878049,81.15609756,81.15609756,60846820,61322463,65595565,66058859,40196873,40539197,42146414,42326458,80.199,80.479,82.886,83.143,5.02086,4.9534,5.48697,NA,68.82,75.09,94.77580063,94.62
"United States","USA",49405.7673,49856.28149,52534.36528,53356.23624,77.68780488,77.98780488,78.53902439,78.53902439,298379912,301231207,323071342,325147121,199322426,201337589,213042866,213693536,80.099,80.269,81.862,82.058,NA,NA,NA,NA,68.93119327,75,85.54442129,87.26611282
"Uruguay","URY",9440.50698,10038.89509,14124.14386,14437.38469,76.046,76.251,77.498,77.632,3325401,3331749,3424132,3436646,2091285,2102457,2207432,2217418,93.553,93.779,95.144,95.24,2.88026,NA,4.7591,4.86891,29.4,34,66.4,68.27966256
"Uzbekistan","UZB",1061.395206,1145.518453,1909.4371,1961.330447,68.676,68.939,71.171,71.388,26488250,26868000,31847900,32388600,16807380,17271933,21487722,21770618,49.021,49.505,50.65,50.55,NA,NA,6.87223,6.28948,6.388321967,7.490604681,46.79128694,52.30510079
"Vanuatu","VUT",2781.086695,2856.97076,2791.838169,2844.1209,68.515,68.672,70.021,70.172,214370,219472,278330,285510,123432,126936,159760,164065,23.392,23.687,25.062,25.163,NA,NA,NA,4.69537,5.850585059,6.8,24,25.71978784
"Venezuela, RB","VEN",13413.01409,14374.37437,NA,NA,72.938,73.01,72.405,72.246,26850194,27247610,29846179,29390409,17082648,17406833,19441565,19128953,87.98,88.006,88.165,88.183,3.66906,3.62732,NA,NA,15.22471148,20.83,60,72
"Vietnam","VNM",1079.062488,1145.140038,1752.531946,1852.963037,74.295,74.474,75.172,75.241,84617540,85419591,93638724,94596642,56761689,57986694,65676647,66096018,27.888,28.504,34.51,35.213,NA,NA,4.34481,NA,17.25456172,20.75544477,53,58.14
"Virgin Islands (U.S.)","VIR",40472.66295,42118.35626,29729.22179,29290.78498,78.47560976,76.86097561,79.26829268,79.4195122,108371,108339,107510,107268,72507,72300,66403,65820,93.861,94.053,95.48,95.603,NA,NA,NA,NA,27.33261054,27.33933584,59.6083158,64.3774943
"West Bank and Gaza","PSE",1970.108682,2046.971264,2694.522526,2724.414529,72.203,72.366,73.589,73.74,3406334,3494496,4367088,4454805,1790286,1858092,2504859,2567892,73.276,73.491,75.628,75.894,NA,NA,5.71773,5.25234,18.41,21.176,61.17838483,65.2
"Yemen, Rep.","YEM",1246.872111,1252.483143,765.6041721,702.8637557,63.997,64.47,66.087,66.086,20687646,21282515,27168210,27834821,10738559,11201476,15434302,15906756,29.49,30.051,35.394,36.016,NA,NA,NA,NA,1.247824049,5.01,24.57920836,26.71835477
"Zambia","ZMB",1183.363859,1248.418424,1652.284458,1658.823207,49.757,51.134,62.464,63.043,12173514,12502958,16363507,16853688,6163106,6323187,8523910,8848831,37.395,37.881,42.438,42.976,NA,1.24076,NA,NA,4.159913394,4.87,25.50657885,27.8525791
"Zimbabwe","ZWE",931.56854,890.1804546,1224.309922,1263.321322,43.853,44.947,60.294,60.812,12155491,12255922,14030390,14236745,6764527,6821138,7642793,7759872,33.926,33.743,32.296,32.237,NA,NA,NA,NA,2.4,3,23.11998904,27.05548769
